doc_id	layer	nur_bei	span
01_performance-marketing-manager	SKILL	nur A	Erstellung und Abstimmung von Kommunikations - und Vertriebsunterlagen
01_performance-marketing-manager	SKILL	nur A	Aufbau eines professionellen Produktmarketings
01_performance-marketing-manager	SKILL	nur A	Planung , Überwachung und Einhaltung des Marketingbudgets
01_performance-marketing-manager	SKILL	nur A	Praxis im Einsatz gängiger Marketing - und Analyseplattformen
01_performance-marketing-manager	SKILL	nur A	Kommunikationsfähigkeit auf Deutsch und Englisch in Wort und Schrift
01_performance-marketing-manager	SKILL	nur B	Erstellung und Abstimmung von Kommunikations - und Vertriebsunterlagen für digitale und gedruckte Formate
01_performance-marketing-manager	SKILL	nur B	Begleitung der digitalen Weiterentwicklung des Marketings
01_performance-marketing-manager	SKILL	nur B	Unterstützung beim Aufbau eines professionellen Produktmarketings
01_performance-marketing-manager	SKILL	nur B	Mitarbeit bei Planung , Überwachung und Einhaltung des Marketingbudgets
01_performance-marketing-manager	SKILL	nur B	Einsatz gängiger Marketing - und Analyseplattformen wie Google Ads , Google Analytics , WordPress , Mailchimp oder Canva
01_performance-marketing-manager	SKILL	nur B	Sehr gute Kommunikationsfähigkeit auf Deutsch und Englisch in Wort und Schrift
01_performance-marketing-manager	KNOWLEDGE	nur B	B2B-Umfeld
01_performance-marketing-manager	KNOWLEDGE	nur B	Website
01_performance-marketing-manager	KNOWLEDGE	nur B	Produktmarketings
01_performance-marketing-manager	KNOWLEDGE	nur B	Marketingbudgets
01_performance-marketing-manager	KNOWLEDGE	nur B	B2B-Bezug
02_social-media-manager	SKILL	nur A	Bildbearbeitung mit Adobe Photoshop CC
02_social-media-manager	SKILL	nur A	Grafikdesign mit Adobe CC
02_social-media-manager	SKILL	nur B	Sie unterrichten hochqualifizierte Personen mit abgeschlossenem Studium oder Ausbildung im Bereich Marketing , Medien , Journalismus , Betriebswirtschaft oder Geistes - und Sprachwissenschaften oder mit vergleichbarer Berufserfahrung
02_social-media-manager	SKILL	nur B	Qualifizierte Vermittlung der folgenden Bereiche
02_social-media-manager	KNOWLEDGE	nur A	Adobe Photoshop CC
02_social-media-manager	KNOWLEDGE	nur A	Künstliche Intelligenz
02_social-media-manager	KNOWLEDGE	nur A	Adobe CC
02_social-media-manager	KNOWLEDGE	nur A	Social Media Marketing
02_social-media-manager	KNOWLEDGE	nur A	Content Marketing
02_social-media-manager	KNOWLEDGE	nur A	Projektarbeit
02_social-media-manager	KNOWLEDGE	nur B	Bildbearbeitung mit Adobe Photoshop CC
02_social-media-manager	KNOWLEDGE	nur B	Künstliche Intelligenz ( KI ) im Arbeitsprozess
02_social-media-manager	KNOWLEDGE	nur B	Grafikdesign mit Adobe CC
02_social-media-manager	KNOWLEDGE	nur B	Fachwissen Social Media Marketing
02_social-media-manager	KNOWLEDGE	nur B	Fachwissen Content Marketing
02_social-media-manager	KNOWLEDGE	nur B	Projektarbeit , Zertifizierungsvorbereitung und Zertifizierungsprüfung
03_e-commerce-trainer	SKILL	nur B	Sie unterrichten Personen , die bei der Konzipierung , Gestaltung und praktischen Umsetzung von Internet - Auftritten mit E-Commerce-Funktionen verantwortlich mitwirken und die dafür notwendigen Kenntnisse und Fähigkeiten erwerben wollen
03_e-commerce-trainer	SKILL	nur B	Qualifizierte Vermittlung der folgenden Bereiche
03_e-commerce-trainer	KNOWLEDGE	nur A	E-Commerce
03_e-commerce-trainer	KNOWLEDGE	nur A	Online-Shop-Systeme
03_e-commerce-trainer	KNOWLEDGE	nur A	Künstliche Intelligenz
03_e-commerce-trainer	KNOWLEDGE	nur A	Online-Marketing
03_e-commerce-trainer	KNOWLEDGE	nur A	Kundengewinnung
03_e-commerce-trainer	KNOWLEDGE	nur A	Zahlungssysteme
03_e-commerce-trainer	KNOWLEDGE	nur A	Finanzen
03_e-commerce-trainer	KNOWLEDGE	nur A	Logistik
03_e-commerce-trainer	KNOWLEDGE	nur A	Fulfillment
03_e-commerce-trainer	KNOWLEDGE	nur A	Kundenservice
03_e-commerce-trainer	KNOWLEDGE	nur A	CRM
03_e-commerce-trainer	KNOWLEDGE	nur A	Web-Controlling
03_e-commerce-trainer	KNOWLEDGE	nur A	Datenanalyse
03_e-commerce-trainer	KNOWLEDGE	nur B	Grundlagen des E-Commerce
03_e-commerce-trainer	KNOWLEDGE	nur B	Online-Shop-Systeme und - Gestaltung
03_e-commerce-trainer	KNOWLEDGE	nur B	Künstliche Intelligenz ( KI ) im Arbeitsprozess
03_e-commerce-trainer	KNOWLEDGE	nur B	Online-Marketing und Kundengewinnung
03_e-commerce-trainer	KNOWLEDGE	nur B	Zahlungssysteme und Finanzen
03_e-commerce-trainer	KNOWLEDGE	nur B	Logistik und Fulfillment
03_e-commerce-trainer	KNOWLEDGE	nur B	Kundenservice und CRM
03_e-commerce-trainer	KNOWLEDGE	nur B	Web-Controlling und Datenanalyse
04_produktmanager	SKILL	nur A	Begleitung und Weiterentwicklung unserer Produkte von der Idee bis zur Umsetzung
04_produktmanager	SKILL	nur A	Mitwirkung an Produktstrategie , Roadmaps und Business Cases
04_produktmanager	SKILL	nur A	Entwicklung eines konsistenten , zukunftsfähigen Produktportfolios
04_produktmanager	SKILL	nur A	Optimierung von Go-to-Market-Prozessen
04_produktmanager	SKILL	nur A	Fundiertes Verständnis für Produktstrategie , Marktmechaniken , technische Produktentwicklung und Business Cases
04_produktmanager	SKILL	nur A	Übersetzung von Anforderungen in umsetzbare Produktlösungen
04_produktmanager	SKILL	nur A	Strategische und zugleich pragmatische Arbeitsweise
04_produktmanager	SKILL	nur A	Sehr ausgeprägte kommunikative Fähigkeiten
04_produktmanager	SKILL	nur A	Projekte selbstständig zu übernehmen und voranzutreiben
04_produktmanager	SKILL	nur B	gestaltest du die Weiterentwicklung unserer Produkte an der Schnittstelle von Markt , Kund : innen , Vertrieb , Entwicklung und Produktion
04_produktmanager	SKILL	nur B	Du übersetzt Kundenanforderungen und Marktbedarfe in klare Produktanforderungen , priorisierst Features und begleitest Produkte von der Idee bis zur erfolgreichen Umsetzung
04_produktmanager	SKILL	nur B	arbeitest du eigenverantwortlich , datenbasiert und pragmatisch – mit dem Ziel , unsere Produkte technisch , wirtschaftlich und marktseitig kontinuierlich weiterzuentwickeln
04_produktmanager	SKILL	nur B	Eigenverantwortliche Begleitung und Weiterentwicklung unserer Produkte von der Idee bis zur Umsetzung
04_produktmanager	SKILL	nur B	Mitwirkung an Produktstrategie , Roadmaps und Business Cases auf Basis definierter Ziele und KPIs
04_produktmanager	SKILL	nur B	Entwicklung eines konsistenten , zukunftsfähigen Produktportfolios inklusive Build - , Improve - und Retire-Entscheidungen
04_produktmanager	SKILL	nur B	Unterstützung reibungsloser Abläufe zwischen Produktmanagement , Entwicklung , Produktion und Vertrieb
04_produktmanager	SKILL	nur B	Mitwirkung an der Optimierung von Go-to-Market-Prozessen
04_produktmanager	SKILL	nur B	Arbeit mit technischen Teams sowie in der Übersetzung von Anforderungen in umsetzbare Produktlösungen
04_produktmanager	SKILL	nur B	Strategische und zugleich pragmatische Arbeitsweise mit der Fähigkeit , Vision und Umsetzung in Einklang zu bringen
04_produktmanager	SKILL	nur B	Sehr ausgeprägte kommunikative Fähigkeiten sowie die Fähigkeit , Projekte selbstständig zu übernehmen und voranzutreiben
04_produktmanager	KNOWLEDGE	nur A	Produktstrategie
04_produktmanager	KNOWLEDGE	nur A	technische Produktentwicklung
04_produktmanager	KNOWLEDGE	nur A	Go-to-Market
04_produktmanager	KNOWLEDGE	nur A	Business Cases
04_produktmanager	KNOWLEDGE	nur A	Produktmanagement
04_produktmanager	KNOWLEDGE	nur A	Produktstrategie
04_produktmanager	KNOWLEDGE	nur A	Marktmechaniken
04_produktmanager	KNOWLEDGE	nur A	technische Produktentwicklung
04_produktmanager	KNOWLEDGE	nur A	Business Cases
04_produktmanager	KNOWLEDGE	nur B	Produktportfolio
04_produktmanager	KNOWLEDGE	nur B	KPIs
04_produktmanager	KNOWLEDGE	nur B	Produktmanagement
04_produktmanager	KNOWLEDGE	nur B	Go-to-Market-Prozessen
04_produktmanager	KNOWLEDGE	nur B	Produktperformance
04_produktmanager	KNOWLEDGE	nur B	IoT -
04_produktmanager	KNOWLEDGE	nur B	SaaS -
04_produktmanager	KNOWLEDGE	nur B	Energie -
04_produktmanager	KNOWLEDGE	nur B	Funktechnologie-nahen Umfeld
04_produktmanager	KNOWLEDGE	nur B	Produktstrategie , Marktmechaniken , technische Produktentwicklung und Business Cases
05_marketing-allrounder-seo	SKILL	nur A	Eigenständige Betreuung und kontinuierliche Optimierung unserer Website
05_marketing-allrounder-seo	SKILL	nur A	Aufbau und Pflege von Backlinks
05_marketing-allrounder-seo	SKILL	nur A	Zusammenarbeit mit relevanten Portalen , Verbänden und Kooperationspartnern
05_marketing-allrounder-seo	SKILL	nur B	Eigenständige Betreuung und kontinuierliche Optimierung unserer Website , insbesondere im Bereich SEO ( On-Page , technisches SEO , Content-Strategie )
05_marketing-allrounder-seo	SKILL	nur B	Aufbau und Pflege von Backlinks sowie Zusammenarbeit mit relevanten Portalen , Verbänden und Kooperationspartnern
05_marketing-allrounder-seo	SKILL	nur B	Unterstützung bei der Positionierung unserer Standorte Berlin und Hamburg
05_marketing-allrounder-seo	SKILL	nur B	Enge Zusammenarbeit mit der Geschäftsführung zur Umsetzung unserer Wachstumsstrategie
05_marketing-allrounder-seo	KNOWLEDGE	nur B	Backlinks
05_marketing-allrounder-seo	KNOWLEDGE	nur B	Website - und Social-Media-Inhalten
06_sozialarbeiter-psychosozialer-dienst	SKILL	nur A	Beratung von Patient : innen und deren Angehörige in Bezug auf die Sicherung der nachstationären Versorgung
06_sozialarbeiter-psychosozialer-dienst	SKILL	nur A	Zusammenarbeit im multiprofessionellen Team
06_sozialarbeiter-psychosozialer-dienst	SKILL	nur A	Strukturierte und zuverlässige Arbeitsweise
06_sozialarbeiter-psychosozialer-dienst	SKILL	nur A	lösungsorientiertes , selbstständiges und verantwortungsvolles Arbeiten
06_sozialarbeiter-psychosozialer-dienst	SKILL	nur B	Sie arbeiten in einem multiprofessionellen Team am Standort Harburg
06_sozialarbeiter-psychosozialer-dienst	SKILL	nur B	Beratung von Patient : innen und deren Angehörige in Bezug auf die Sicherung der nachstationären Versorgung in enger Kooperation mit dem ärztlichen , therapeutischen und pflegerischen Team
06_sozialarbeiter-psychosozialer-dienst	SKILL	nur B	Strukturierte und zuverlässige Arbeitsweise sowie lösungsorientiertes , selbstständiges und verantwortungsvolles Arbeiten
06_sozialarbeiter-psychosozialer-dienst	KNOWLEDGE	nur B	sozialrechtlichen Fragestellungen
06_sozialarbeiter-psychosozialer-dienst	KNOWLEDGE	nur B	psychischen Erkrankungen
07_heilerziehungspfleger	SKILL	nur A	Gestaltung von pädagogischen Angeboten
07_heilerziehungspfleger	SKILL	nur A	Elternarbeit
07_heilerziehungspfleger	SKILL	nur A	Dokumentation
07_heilerziehungspfleger	SKILL	nur A	Entwicklungsbegleitung
07_heilerziehungspfleger	SKILL	nur A	Teamfähigkeit
07_heilerziehungspfleger	SKILL	nur A	Kreativität
07_heilerziehungspfleger	SKILL	nur A	Zuverlässigkeit
07_heilerziehungspfleger	SKILL	nur A	Einfühlungsvermögen
07_heilerziehungspfleger	SKILL	nur A	Gute Kommunikationsfähigkeit
07_heilerziehungspfleger	SKILL	nur B	Gestaltung von pädagogischen Angeboten gemeinsam mit Deinen Kollegen
07_heilerziehungspfleger	SKILL	nur B	Elternarbeit , Dokumentation und Entwicklungsbegleitung
07_heilerziehungspfleger	SKILL	nur B	Teamfähigkeit , Kreativität , Zuverlässigkeit und Einfühlungsvermögen
07_heilerziehungspfleger	SKILL	nur B	Kommunikationsfähigkeit
07_heilerziehungspfleger	KNOWLEDGE	nur B	Krippen - oder Elementarbereich
08_sozialpaedagogische-assistenz-krippe	SKILL	nur A	leitest mit einer weiteren päd . Fachkraft eine Gruppe von 10-13 Krippenkindern
08_sozialpaedagogische-assistenz-krippe	SKILL	nur A	betreust diese alters - und zielgruppenspezifisch
08_sozialpaedagogische-assistenz-krippe	SKILL	nur B	Du leitest mit einer weiteren päd . Fachkraft eine Gruppe von 10-13 Krippenkindern und betreust diese alters - und zielgruppenspezifisch
09_spa-sozialpaedagogischer-assistent	SKILL	nur A	förderst die Kinder im Krippenbereich oder Elementarbereich individuell nach ihren Bedürfnissen
09_spa-sozialpaedagogischer-assistent	SKILL	nur A	entwickelst und konzipierst Angebote in deinem eigenen pädagogischen Schwerpunkt
09_spa-sozialpaedagogischer-assistent	SKILL	nur A	Kinderbetreuung
09_spa-sozialpaedagogischer-assistent	SKILL	nur A	herzlich , engagiert , offen und ein echter Teamplayer
09_spa-sozialpaedagogischer-assistent	SKILL	nur A	vertrauensvolle Bezugsperson
09_spa-sozialpaedagogischer-assistent	SKILL	nur B	Du förderst die Kinder im Krippenbereich oder Elementarbereich individuell nach ihren Bedürfnissen
09_spa-sozialpaedagogischer-assistent	SKILL	nur B	Du entwickelst und konzipierst Angebote in deinem eigenen pädagogischen Schwerpunkt
09_spa-sozialpaedagogischer-assistent	SKILL	nur B	Du berücksichtigst das Konzept des jeweiligen Kita oder Kindergarten und setzt dieses aktiv in deiner Arbeit um
09_spa-sozialpaedagogischer-assistent	SKILL	nur B	Du bist herzlich , engagiert , offen und ein echter Teamplayer
09_spa-sozialpaedagogischer-assistent	SKILL	nur B	Du findest schnell Anschluss und bringst dich motiviert in dem vielfältigen Kitaalltag ein
10_pflegefachkraft-senator-neumann-haus	SKILL	nur A	ganzheitliche Pflege im Rahmen des Pflegeprozesses
10_pflegefachkraft-senator-neumann-haus	SKILL	nur A	Medikamentenmanagement
10_pflegefachkraft-senator-neumann-haus	SKILL	nur A	führst Pflegevisiten durch
10_pflegefachkraft-senator-neumann-haus	SKILL	nur A	arbeitest eng mit Kolleg : innen aus unterschiedlichen Berufsgruppen zusammen
10_pflegefachkraft-senator-neumann-haus	SKILL	nur A	unterstützt die Nutzenden dabei , ihre Lebensqualität und Eigenständigkeit zu erhalten und weiterzuentwickeln
10_pflegefachkraft-senator-neumann-haus	SKILL	nur A	berätst und motivierst die von dir begleiteten Menschen im Alltag
10_pflegefachkraft-senator-neumann-haus	SKILL	nur A	Zusammenarbeit in einem multiprofessionellen Team
10_pflegefachkraft-senator-neumann-haus	SKILL	nur B	begleitest Menschen mit Behinderung in Pflege und Alltag
10_pflegefachkraft-senator-neumann-haus	SKILL	nur B	Du übernimmst die ganzheitliche Pflege im Rahmen des Pflegeprozesses
10_pflegefachkraft-senator-neumann-haus	SKILL	nur B	Du kümmerst dich um das Medikamentenmanagement und führst Pflegevisiten durch
10_pflegefachkraft-senator-neumann-haus	SKILL	nur B	Du arbeitest eng mit Kolleg : innen aus unterschiedlichen Berufsgruppen zusammen
10_pflegefachkraft-senator-neumann-haus	SKILL	nur B	Du unterstützt die Nutzenden dabei , ihre Lebensqualität und Eigenständigkeit zu erhalten und weiterzuentwickeln
10_pflegefachkraft-senator-neumann-haus	SKILL	nur B	Du berätst und motivierst die von dir begleiteten Menschen im Alltag
10_pflegefachkraft-senator-neumann-haus	SKILL	nur B	Arbeit mit Menschen mit Behinderung
10_pflegefachkraft-senator-neumann-haus	KNOWLEDGE	nur B	Medikamentenmanagement
11_mechatroniker	SKILL	nur A	montierst , installierst und nimmst mechatronische Systeme und Anlagen wie Maschinen oder Roboter in Betrieb
11_mechatroniker	SKILL	nur A	stellst mechanische , elektrische und elektronische Komponenten her und baust sie zusammen
11_mechatroniker	SKILL	nur A	programmierst und konfigurierst Steuerungen und Software
11_mechatroniker	SKILL	nur A	führst Messungen , Prüfungen und Fehlerdiagnosen durch
11_mechatroniker	SKILL	nur A	übernimmst die Wartung , Reparaturen und Instandhaltung von Maschinen und Anlagen
11_mechatroniker	SKILL	nur A	liest technische Zeichnungen sowie Schalt - und Montagepläne
11_mechatroniker	SKILL	nur A	Einweisung der Anwender in die Bedienung
11_mechatroniker	SKILL	nur A	Kundenbetreuung
11_mechatroniker	SKILL	nur A	dokumentierst deine Arbeit sorgfältig und nachvollziehbar
11_mechatroniker	SKILL	nur A	stabiles technisches Verständnis
11_mechatroniker	SKILL	nur A	handwerklich geschickt , lösungsorientiert und zuverlässig
11_mechatroniker	SKILL	nur B	Du montierst , installierst und nimmst mechatronische Systeme und Anlagen wie Maschinen oder Roboter in Betrieb
11_mechatroniker	SKILL	nur B	Du stellst mechanische , elektrische und elektronische Komponenten her und baust sie zusammen
11_mechatroniker	SKILL	nur B	Du programmierst und konfigurierst Steuerungen und Software – und testest sie auf Herz und Nieren
11_mechatroniker	SKILL	nur B	Du führst Messungen , Prüfungen und Fehlerdiagnosen durch
11_mechatroniker	SKILL	nur B	Du übernimmst die Wartung , Reparaturen und Instandhaltung von Maschinen und Anlagen
11_mechatroniker	SKILL	nur B	Du liest technische Zeichnungen sowie Schalt - und Montagepläne – und setzt sie gekonnt um
11_mechatroniker	SKILL	nur B	Du kümmerst dich um die Einweisung der Anwender in die Bedienung und übernimmst bei Bedarf die Kundenbetreuung
11_mechatroniker	SKILL	nur B	Du dokumentierst deine Arbeit sorgfältig und nachvollziehbar
11_mechatroniker	SKILL	nur B	Umgang mit Steuerungs - und Automatisierungstechnik sowie Mess - und Diagnosesystemen
11_mechatroniker	SKILL	nur B	stabiles technisches Verständnis , bist handwerklich geschickt , lösungsorientiert und zuverlässig
11_mechatroniker	SKILL	nur B	Du sprichst gut Deutsch
12_softwareentwickler	SKILL	nur A	Entwicklung und Betrieb einer modernen , cloudbasierten Plattform zur Digitalisierung interner Verwaltungsprozesse
12_softwareentwickler	SKILL	nur A	Optimierung der Entwicklungs - , Test - und Produktionsumgebungen
12_softwareentwickler	SKILL	nur A	Sicherstellung eines stabilen , sicheren und skalierbaren Betriebs
12_softwareentwickler	SKILL	nur A	Eigenverantwortliche Weiterentwicklung fachlicher und technischer Lösungskonzepte
12_softwareentwickler	SKILL	nur A	Aktive Mitgestaltung der Cloud-Architektur und digitalen Plattformen
12_softwareentwickler	SKILL	nur A	Hohes Maß an Selbstständigkeit , Verantwortungsbewusstsein und Teamfähigkeit
12_softwareentwickler	SKILL	nur B	Entwicklung und Betrieb einer modernen , cloudbasierten Plattform zur Digitalisierung interner Verwaltungsprozesse in enger Zusammenarbeit mit dem Team
12_softwareentwickler	SKILL	nur B	Optimierung der Entwicklungs - , Test - und Produktionsumgebungen sowie Sicherstellung eines stabilen , sicheren und skalierbaren Betriebs in Abstimmung mit deinem Team
12_softwareentwickler	SKILL	nur B	Eigenverantwortliche Weiterentwicklung fachlicher und technischer Lösungskonzepte – von der Idee bis zur Umsetzung
12_softwareentwickler	SKILL	nur B	Aktive Mitgestaltung der Cloud-Architektur und digitalen Plattformen durch das Einbringen eigener Ideen
12_softwareentwickler	SKILL	nur B	Selbstständigkeit , Verantwortungsbewusstsein und Teamfähigkeit
12_softwareentwickler	SKILL	nur B	Fließende Deutschkenntnisse in Wort und Schrift
12_softwareentwickler	KNOWLEDGE	nur A	Infrastructure as Code
12_softwareentwickler	KNOWLEDGE	nur A	Cloud-Technologien
12_softwareentwickler	KNOWLEDGE	nur A	Clean Code
12_softwareentwickler	KNOWLEDGE	nur A	moderne Architekturen
12_softwareentwickler	KNOWLEDGE	nur A	KI
12_softwareentwickler	KNOWLEDGE	nur A	Grafana Cloud
12_softwareentwickler	KNOWLEDGE	nur A	Kubernetes
12_softwareentwickler	KNOWLEDGE	nur A	AWS
12_softwareentwickler	KNOWLEDGE	nur A	Terraform
12_softwareentwickler	KNOWLEDGE	nur A	Crossplane
12_softwareentwickler	KNOWLEDGE	nur A	ArgoCD
12_softwareentwickler	KNOWLEDGE	nur A	Tilt
12_softwareentwickler	KNOWLEDGE	nur A	Atlas MongoDB
12_softwareentwickler	KNOWLEDGE	nur A	Spring Boot
12_softwareentwickler	KNOWLEDGE	nur A	Java
12_softwareentwickler	KNOWLEDGE	nur A	Softwareentwicklung
12_softwareentwickler	KNOWLEDGE	nur A	DevOps
12_softwareentwickler	KNOWLEDGE	nur A	Java
12_softwareentwickler	KNOWLEDGE	nur A	Cloud-Technologien
12_softwareentwickler	KNOWLEDGE	nur A	Automatisierung
12_softwareentwickler	KNOWLEDGE	nur B	Build - , Test - und Deployment-Workflows
13_fachinformatiker-systemintegration	SKILL	nur A	Administration und Wartung der IT-Systeme unserer Kunden
13_fachinformatiker-systemintegration	SKILL	nur A	Kundensupport und technische Beratung
13_fachinformatiker-systemintegration	SKILL	nur B	Administration und Wartung der IT-Systeme unserer Kunden ( Server , Netzwerke , Clients )
13_fachinformatiker-systemintegration	SKILL	nur B	Kundensupport und technische Beratung in Bezug auf IT-Projekte und alltägliche Herausforderungen
13_fachinformatiker-systemintegration	KNOWLEDGE	nur A	Backup
13_fachinformatiker-systemintegration	KNOWLEDGE	nur A	Microsoft 365
13_fachinformatiker-systemintegration	KNOWLEDGE	nur A	VMware
13_fachinformatiker-systemintegration	KNOWLEDGE	nur A	Hyper-V
13_fachinformatiker-systemintegration	KNOWLEDGE	nur A	Firewall
13_fachinformatiker-systemintegration	KNOWLEDGE	nur B	IT-Systeme
13_fachinformatiker-systemintegration	KNOWLEDGE	nur B	Hardware
13_fachinformatiker-systemintegration	KNOWLEDGE	nur B	Software
13_fachinformatiker-systemintegration	KNOWLEDGE	nur B	Backup - und Wiederherstellungsprozessen
13_fachinformatiker-systemintegration	KNOWLEDGE	nur B	Cyberbedrohungen
14_it-support	SKILL	nur B	Gute Deutschkenntnisse
14_it-support	SKILL	nur B	Unterstützung bei technischen Anfragen im IT Umfeld
14_it-support	KNOWLEDGE	nur B	Anwenderumfeld
14_it-support	KNOWLEDGE	nur B	Hard und Softwareproblemen
14_it-support	KNOWLEDGE	nur B	Windows
14_it-support	KNOWLEDGE	nur B	Software
14_it-support	KNOWLEDGE	nur B	Betriebssystemen
15_data-engineer	SKILL	nur A	Konzeption , Umsetzung und dem Betrieb unserer modernen On-Premises-Lakehouse-Architektur
15_data-engineer	SKILL	nur A	entwickeln , betreiben und optimieren ETL - bzw . Datenpipelines zur Integration und Verarbeitung unterschiedlicher Datenquellen
15_data-engineer	SKILL	nur A	Weiterentwicklung und Modernisierung bestehender Data-Warehouse-Strukturen
15_data-engineer	SKILL	nur A	stellen eine hohe Datenqualität und Datenverfügbarkeit sicher
15_data-engineer	SKILL	nur A	übersetzen Sie fachliche Anforderungen in praktikable Datenlösungen
15_data-engineer	SKILL	nur B	wirken Sie an der Weiterentwicklung unserer Datenlandschaft mit und schaffen eine zuverlässige Grundlage für die datengetriebene Arbeit der Fachbereiche
15_data-engineer	SKILL	nur B	Sie wirken bei der Konzeption , Umsetzung und dem Betrieb unserer modernen On-Premises-Lakehouse-Architektur mit
15_data-engineer	SKILL	nur B	Sie entwickeln , betreiben und optimieren ETL - bzw . Datenpipelines zur Integration und Verarbeitung unterschiedlicher Datenquellen
15_data-engineer	SKILL	nur B	Sie unterstützen die Weiterentwicklung und Modernisierung bestehender Data-Warehouse-Strukturen , unter anderem im Snowflake-Umfeld
15_data-engineer	SKILL	nur B	Sie stellen eine hohe Datenqualität und Datenverfügbarkeit sicher und identifizieren Optimierungsmöglichkeiten
15_data-engineer	SKILL	nur B	Gemeinsam mit den Fachbereichen übersetzen Sie fachliche Anforderungen in praktikable Datenlösungen
15_data-engineer	SKILL	nur B	bringen Sie sich in angrenzende Entwicklungs - und DevOps-Themen ein
15_data-engineer	SKILL	nur B	Umgang mit Linux , GitLab oder Oracle
15_data-engineer	SKILL	nur B	Gute Deutsch - und Englischkenntnisse
15_data-engineer	KNOWLEDGE	nur A	Datenarchitekturen
15_data-engineer	KNOWLEDGE	nur A	DevOps-Themen
15_data-engineer	KNOWLEDGE	nur A	Datenpipelines
15_data-engineer	KNOWLEDGE	nur A	Data-Warehouse
15_data-engineer	KNOWLEDGE	nur A	Lakehouse-Architekturen
15_data-engineer	KNOWLEDGE	nur A	Snowflake
15_data-engineer	KNOWLEDGE	nur A	Deutsch - und Englischkenntnisse
15_data-engineer	KNOWLEDGE	nur B	Datenlandschaft
15_data-engineer	KNOWLEDGE	nur B	Data-Warehouse - oder Lakehouse-Architekturen
15_data-engineer	KNOWLEDGE	nur B	Deutsch
15_data-engineer	KNOWLEDGE	nur B	Englischkenntnisse
16_marketing-manager-hotel	SKILL	nur A	Planung , Koordination und Steuerung integrierter Marketingkampagnen
16_marketing-manager-hotel	SKILL	nur A	Entwicklung innovativer Konzepte zur Umsatzsteigerung und Gästebindung
16_marketing-manager-hotel	SKILL	nur A	Planung und Umsetzung von Presseveranstaltungen , Hotel-Events und Marketingaktivierungen
16_marketing-manager-hotel	SKILL	nur A	Analyse von Markt - und Wettbewerbstrends sowie Identifikation neuer Potenziale
16_marketing-manager-hotel	SKILL	nur A	Führung und Entwicklung des Sales & Marketing Coordinators
16_marketing-manager-hotel	SKILL	nur A	arbeitest strukturiert , eigenverantwortlich
16_marketing-manager-hotel	SKILL	nur A	kommunizierst souverän in deutscher und englischer Sprache
16_marketing-manager-hotel	SKILL	nur B	Planung , Koordination und Steuerung integrierter Marketingkampagnen für Rooms , Food & Beverage , Meetings & Events sowie weitere Hotelbereiche
16_marketing-manager-hotel	SKILL	nur B	Entwicklung innovativer Konzepte zur Umsatzsteigerung und Gästebindung in enger Zusammenarbeit mit dem Director of Sales & Marketing
16_marketing-manager-hotel	SKILL	nur B	Unterstützung bei der Planung und Umsetzung von Presseveranstaltungen , Hotel-Events und Marketingaktivierungen
16_marketing-manager-hotel	SKILL	nur B	Analyse von Markt - und Wettbewerbstrends sowie Identifikation neuer Potenziale zur Weiterentwicklung der Marketingaktivitäten
16_marketing-manager-hotel	SKILL	nur B	Führung und Entwicklung des Sales & Marketing Coordinators sowie der Dualen Studenten und Auszubildenden
16_marketing-manager-hotel	SKILL	nur B	Du arbeitest strukturiert , eigenverantwortlich und behältst auch bei mehreren Projekten gleichzeitig den Überblick
16_marketing-manager-hotel	SKILL	nur B	Du kommunizierst souverän in deutscher und englischer Sprache – sowohl mündlich als auch schriftlich
16_marketing-manager-hotel	SKILL	nur B	Umgang mit Microsoft Office sowie gängigen Marketing - und Analysetools
16_marketing-manager-hotel	KNOWLEDGE	nur B	Marketingstrategien
16_marketing-manager-hotel	KNOWLEDGE	nur B	Marketingkampagnen
16_marketing-manager-hotel	KNOWLEDGE	nur B	Marketing
16_marketing-manager-hotel	KNOWLEDGE	nur B	Content-Maßnahmen
16_marketing-manager-hotel	KNOWLEDGE	nur B	Social-Media-Kanäle
16_marketing-manager-hotel	KNOWLEDGE	nur B	Hotellerie - , Tourismus - oder Lifestyle-Branche
16_marketing-manager-hotel	KNOWLEDGE	nur B	Marriott-Umfeld
17_sachbearbeitung-fes	SKILL	nur A	Organisatorische Vor - und Nachbereitung von Maßnahmen der politischen Bildung und Beratung
17_sachbearbeitung-fes	SKILL	nur A	Gute Team - und Kommunikationsfähigkeit
17_sachbearbeitung-fes	SKILL	nur B	Organisatorische Vor - und Nachbereitung von Maßnahmen der politischen Bildung und Beratung in Sachsen-Anhalt inklusive Online-Formaten
17_sachbearbeitung-fes	SKILL	nur B	Team - und Kommunikationsfähigkeit
17_sachbearbeitung-fes	SKILL	nur B	Umgang mit Content Management Systemen , Videokonferenzsystemen sowie mit Social-Media
17_sachbearbeitung-fes	KNOWLEDGE	nur A	EDV-Kenntnisse
17_sachbearbeitung-fes	KNOWLEDGE	nur A	Social-Media
17_sachbearbeitung-fes	KNOWLEDGE	nur B	politischen Bildung
17_sachbearbeitung-fes	KNOWLEDGE	nur B	Online-Formaten
18_buchhaltung-aurea	SKILL	nur A	Prüfung von Steuerbescheiden für deutsche Gesellschaften
18_buchhaltung-aurea	SKILL	nur A	Sicherstellung termingerechter Vorauszahlungen
18_buchhaltung-aurea	SKILL	nur A	Erstellung von Monats - , Quartals - und Jahresabschlüssen nach HGB
18_buchhaltung-aurea	SKILL	nur A	Monatliche Konsolidierung auf Gruppenebene
18_buchhaltung-aurea	SKILL	nur A	Erstellung von Kostenstellenreports und Führung des Anlagevermögens
18_buchhaltung-aurea	SKILL	nur A	Periodengerechte Abgrenzung von Unternehmenskosten
18_buchhaltung-aurea	SKILL	nur A	tägliche Buchung von Geschäftsvorfällen
18_buchhaltung-aurea	SKILL	nur A	Mitarbeit an Projekten zur Optimierung von Geschäftsprozessen
18_buchhaltung-aurea	SKILL	nur A	Key-User-Funktion im Bereich Finanzbuchhaltung
18_buchhaltung-aurea	SKILL	nur A	Durchführung von Mitarbeiterschulungen
18_buchhaltung-aurea	SKILL	nur A	Kontenabstimmungen
18_buchhaltung-aurea	SKILL	nur A	abschlusssichere Buchungen im Rahmen des Jahresabschlusses
18_buchhaltung-aurea	SKILL	nur A	Bereitstellung aller Haupt - und Nebenbücher für Wirtschaftsprüfer
18_buchhaltung-aurea	SKILL	nur A	Begleitung der Inventur
18_buchhaltung-aurea	SKILL	nur A	Sachkonten-Mapping für internationale Gesellschaften
18_buchhaltung-aurea	SKILL	nur A	Abstimmung von Intercompany-Sachverhalten
18_buchhaltung-aurea	SKILL	nur A	Analyse von Finanzdaten
18_buchhaltung-aurea	SKILL	nur A	Kontrolle von Betriebskosten und Buchungen auf Sachkostenebene
18_buchhaltung-aurea	SKILL	nur A	Erstellung von Umsatzsteuerjahresmeldungen , K-4 Meldungen und Meldungen zur Strukturstatistik
18_buchhaltung-aurea	SKILL	nur A	Kommunikation mit Banken
18_buchhaltung-aurea	SKILL	nur A	Verwaltung von Perioden im ERP-System
18_buchhaltung-aurea	SKILL	nur A	Führungserfahrung
18_buchhaltung-aurea	SKILL	nur A	ein Team zu leiten und zu entwickeln
18_buchhaltung-aurea	SKILL	nur A	Gute Kommunikationsfähigkeiten in Deutsch und Englisch
18_buchhaltung-aurea	SKILL	nur B	Prüfung von Steuerbescheiden für deutsche Gesellschaften und Sicherstellung termingerechter Vorauszahlungen ( KöSt , GewSt )
18_buchhaltung-aurea	SKILL	nur B	Erstellung von Monats - , Quartals - und Jahresabschlüssen nach HGB ( Bilanz , GuV , BWA ) für deutsche und belgische Gesellschaften
18_buchhaltung-aurea	SKILL	nur B	Monatliche Konsolidierung auf Gruppenebene ( Deutschland , Belgien , Schweiz , Österreich )
18_buchhaltung-aurea	SKILL	nur B	Erstellung von Kostenstellenreports und Führung des Anlagevermögens in DATEV und Excel
18_buchhaltung-aurea	SKILL	nur B	Periodengerechte Abgrenzung von Unternehmenskosten und tägliche Buchung von Geschäftsvorfällen
18_buchhaltung-aurea	SKILL	nur B	Mitarbeit an Projekten zur Optimierung von Geschäftsprozessen und Umsetzung gesetzlicher Neuerungen
18_buchhaltung-aurea	SKILL	nur B	Key-User-Funktion im Bereich Finanzbuchhaltung und Durchführung von Mitarbeiterschulungen
18_buchhaltung-aurea	SKILL	nur B	Kontenabstimmungen ( OP-geführte Sachkonten , Bilanz - und GuV-Konten ) und abschlusssichere Buchungen im Rahmen des Jahresabschlusses
18_buchhaltung-aurea	SKILL	nur B	Bereitstellung aller Haupt - und Nebenbücher für Wirtschaftsprüfer und Begleitung der Inventur
18_buchhaltung-aurea	SKILL	nur B	Sachkonten-Mapping für internationale Gesellschaften und Abstimmung von Intercompany-Sachverhalten
18_buchhaltung-aurea	SKILL	nur B	Analyse von Finanzdaten sowie Kontrolle von Betriebskosten und Buchungen auf Sachkostenebene
18_buchhaltung-aurea	SKILL	nur B	Erstellung von Umsatzsteuerjahresmeldungen , K-4 Meldungen und Meldungen zur Strukturstatistik bzw . globalen Wertschöpfung ( Destatis )
18_buchhaltung-aurea	SKILL	nur B	Weiterleitung der Jahresabschlüsse und Kommunikation mit Banken
18_buchhaltung-aurea	SKILL	nur B	Verwaltung von Perioden im ERP-System für alle Abteilungen und Gesellschaften
18_buchhaltung-aurea	SKILL	nur B	Fähigkeit , ein Team zu leiten und zu entwickeln
18_buchhaltung-aurea	SKILL	nur B	Kommunikationsfähigkeiten in Deutsch und Englisch , insbesondere für internationale Gesellschaften
18_buchhaltung-aurea	KNOWLEDGE	nur A	HGB
18_buchhaltung-aurea	KNOWLEDGE	nur A	HGB
18_buchhaltung-aurea	KNOWLEDGE	nur A	Umsatzsteuer
18_buchhaltung-aurea	KNOWLEDGE	nur A	DATEV
18_buchhaltung-aurea	KNOWLEDGE	nur A	Excel
18_buchhaltung-aurea	KNOWLEDGE	nur A	Deutsch
18_buchhaltung-aurea	KNOWLEDGE	nur B	KöSt
18_buchhaltung-aurea	KNOWLEDGE	nur B	GewSt
18_buchhaltung-aurea	KNOWLEDGE	nur B	Destatis
18_buchhaltung-aurea	KNOWLEDGE	nur B	Reporting
19_sachbearbeiter-controlling	SKILL	nur A	Pflege und Verwaltung von Stammdaten für Investitionsprojekte
19_sachbearbeiter-controlling	SKILL	nur A	Weiterentwicklung und Optimierung des Investitionscontrollings
19_sachbearbeiter-controlling	SKILL	nur B	Pflege und Verwaltung von Stammdaten für Investitionsprojekte sowie bauliche Instandhaltungs - und Unterhaltungsmaßnahmen
19_sachbearbeiter-controlling	SKILL	nur B	Mitarbeit an Projekten zur Weiterentwicklung und Optimierung des Investitionscontrollings
19_sachbearbeiter-controlling	SKILL	nur B	sicherer Umgang mit den gängigen MS Office Anwendungen
19_sachbearbeiter-controlling	SKILL	nur B	Verhandlungssichere Deutschkenntnisse in Wort und Schrift
19_sachbearbeiter-controlling	KNOWLEDGE	nur A	SAP-PS-Systems
19_sachbearbeiter-controlling	KNOWLEDGE	nur A	SAP PS
19_sachbearbeiter-controlling	KNOWLEDGE	nur A	MS Office
19_sachbearbeiter-controlling	KNOWLEDGE	nur B	Investitionscontrollings
19_sachbearbeiter-controlling	KNOWLEDGE	nur B	MS Office Anwendungen
20_pflegefachkraft-remacare	SKILL	nur A	Durchführung der allgemeinen Grundpflege
20_pflegefachkraft-remacare	SKILL	nur A	Behandlungspflege unserer Klienten
20_pflegefachkraft-remacare	SKILL	nur A	Körperpflege
20_pflegefachkraft-remacare	SKILL	nur A	Mobilisation
20_pflegefachkraft-remacare	SKILL	nur A	Medikamentengabe
20_pflegefachkraft-remacare	SKILL	nur A	Wundversorgung
20_pflegefachkraft-remacare	SKILL	nur A	Blutdruck - , Puls - und Blutzuckerkontrolle
20_pflegefachkraft-remacare	SKILL	nur A	Portversorgung
20_pflegefachkraft-remacare	SKILL	nur B	Durchführung der allgemeinen Grundpflege und Behandlungspflege unserer Klienten ( z . B . Körperpflege , Mobilisation , Medikamentengabe , Wundversorgung , Blutdruck - , Puls - und Blutzuckerkontrolle , Portversorgung etc . )
20_pflegefachkraft-remacare	KNOWLEDGE	nur B	Grundpflege
20_pflegefachkraft-remacare	KNOWLEDGE	nur B	Behandlungspflege
20_pflegefachkraft-remacare	KNOWLEDGE	nur B	Körperpflege
20_pflegefachkraft-remacare	KNOWLEDGE	nur B	Mobilisation
20_pflegefachkraft-remacare	KNOWLEDGE	nur B	Medikamentengabe
20_pflegefachkraft-remacare	KNOWLEDGE	nur B	Wundversorgung
20_pflegefachkraft-remacare	KNOWLEDGE	nur B	Blutdruck - , Puls - und Blutzuckerkontrolle
20_pflegefachkraft-remacare	KNOWLEDGE	nur B	Portversorgung
21_erzieher	SKILL	nur A	Gestaltung eines liebevollen und sicheren Umfelds
21_erzieher	SKILL	nur A	Kreative Ideen
21_erzieher	SKILL	nur B	Gestaltung eines liebevollen und sicheren Umfelds , in dem sich Kinder geborgen fühlen
21_erzieher	SKILL	nur B	Kinder im Alltag zu inspirieren und zu fördern
22_sozialarbeiter-jugendhilfe	SKILL	nur A	Interesse an konzeptioneller Weiterentwicklung und innovativen Ansätzen in der Jugendarbeit
23_produktionsmitarbeiter	SKILL	nur A	bestücken , steuern und überwachen unsere Anlagen und Maschinen
23_produktionsmitarbeiter	SKILL	nur A	verantworten einzelne Produktionsbereiche für die Herstellung von Reinigern und Polituren
23_produktionsmitarbeiter	SKILL	nur A	stellen Rohstoffe bereit , füllen Materialien nach
23_produktionsmitarbeiter	SKILL	nur A	Handwerkliches Geschick und technisches Verständnis
23_produktionsmitarbeiter	SKILL	nur B	Sie bestücken , steuern und überwachen unsere Anlagen und Maschinen
23_produktionsmitarbeiter	SKILL	nur B	Sie verantworten einzelne Produktionsbereiche für die Herstellung von Reinigern und Polituren
23_produktionsmitarbeiter	SKILL	nur B	Sie stellen Rohstoffe bereit , füllen Materialien nach und sorgen für Ihren Arbeitsplatz
23_produktionsmitarbeiter	SKILL	nur B	Handwerkliches Geschick und technisches Verständnis für unser Maschinen und Anlagen
23_produktionsmitarbeiter	SKILL	nur B	Deutschkenntnisse
23_produktionsmitarbeiter	KNOWLEDGE	nur A	Produktion
23_produktionsmitarbeiter	KNOWLEDGE	nur B	Lebensmittelverarbeitenden Gewerbe
23_produktionsmitarbeiter	KNOWLEDGE	nur B	Bäckerei
23_produktionsmitarbeiter	KNOWLEDGE	nur B	fleischverarbeitendes Gewerbe
24_customer-service-export	SKILL	nur A	arbeiten mit einem Ticketsystem
24_customer-service-export	SKILL	nur A	Angebote und Exportdokumente erstellen
24_customer-service-export	SKILL	nur A	supporten den Inhouse Sales Manager
24_customer-service-export	SKILL	nur A	kommunikations - und überzeugungsfähig
24_customer-service-export	SKILL	nur B	Sie arbeiten mit einem Ticketsystem
24_customer-service-export	SKILL	nur B	Angebote und Exportdokumente erstellen ( Maschinen , Ersatzteile etc . )
24_customer-service-export	SKILL	nur B	Sie supporten den Inhouse Sales Manager
24_customer-service-export	SKILL	nur B	gute Sprachkenntnisse in Englisch in Wort und Schrift
24_customer-service-export	SKILL	nur B	Sie sind kommunikations - und überzeugungsfähig
24_customer-service-export	KNOWLEDGE	nur A	SAP-Kenntnisse
25_personalreferent	SKILL	nur B	Umgang mit gängiger HR-Software
25_personalreferent	KNOWLEDGE	nur B	HR-Projekten
25_personalreferent	KNOWLEDGE	nur B	HR-Strategien
25_personalreferent	KNOWLEDGE	nur B	HR-Bereich
26_hr-generalist	SKILL	nur A	verantworten das Anzeigen - und Bewerbermanagement
26_hr-generalist	SKILL	nur A	erstellen und analysieren regelmäßig HR-Kennzahlen
26_hr-generalist	SKILL	nur A	Zusammenarbeit mit dem Betriebsrat
26_hr-generalist	SKILL	nur B	Sie verantworten das Anzeigen - und Bewerbermanagement
26_hr-generalist	SKILL	nur B	Sie erstellen und analysieren regelmäßig HR-Kennzahlen
26_hr-generalist	SKILL	nur B	Sie wirken unterstützend bei der Zusammenarbeit mit dem Betriebsrat mit
26_hr-generalist	SKILL	nur B	gute bis sehr gute Englischkenntnisse
26_hr-generalist	KNOWLEDGE	nur A	SAP HR-Kenntnisse
26_hr-generalist	KNOWLEDGE	nur B	Personalbeschaffung und - betreuung
26_hr-generalist	KNOWLEDGE	nur B	Anzeigen - und Bewerbermanagement
26_hr-generalist	KNOWLEDGE	nur B	SAP
27_sicherheitsmitarbeiter	SKILL	nur A	Kontrollgänge
27_sicherheitsmitarbeiter	SKILL	nur A	Entgegennahme von eingehenden Telefonaten
27_sicherheitsmitarbeiter	SKILL	nur A	Auf - und Verschluss
27_sicherheitsmitarbeiter	SKILL	nur A	überwachen die technischen Sicherheitseinrichtungen
27_sicherheitsmitarbeiter	SKILL	nur A	zuverlässige Objektbewachung
27_sicherheitsmitarbeiter	SKILL	nur A	zuverlässig , flexibel und teamfähig
27_sicherheitsmitarbeiter	SKILL	nur B	Sie führen als Sicherheitskraft ( m/w/d ) Tätigkeiten wie zum Beispiel Kontrollgänge , Entgegennahme von eingehenden Telefonaten und Auf - und Verschluss durch
27_sicherheitsmitarbeiter	SKILL	nur B	Sie überwachen die technischen Sicherheitseinrichtungen wie z . B . Kameras
27_sicherheitsmitarbeiter	SKILL	nur B	Sie sorgen für die zuverlässige Objektbewachung
27_sicherheitsmitarbeiter	SKILL	nur B	Sie sind zuverlässig , flexibel und teamfähig
28_technischer-produktdesigner	SKILL	nur A	erstellen technische Zeichnungen , Baugruppen - und Anordnungszeichnungen sowie Schaltpläne
28_technischer-produktdesigner	SKILL	nur A	setzen Konstruktionsvorgaben normgerecht um
28_technischer-produktdesigner	SKILL	nur A	stellen die Einhaltung von Qualitätsstandards sicher
28_technischer-produktdesigner	SKILL	nur A	pflegen Artikelstammdaten , Stücklisten und technische Änderungen im SAP-System
28_technischer-produktdesigner	SKILL	nur A	führen Zeichnungs - und Stücklistenänderungen in CAD - und SAP-Systemen durch
28_technischer-produktdesigner	SKILL	nur A	halten die technische Dokumentation aktuell
28_technischer-produktdesigner	SKILL	nur A	entwickeln technische Detaillösungen
28_technischer-produktdesigner	SKILL	nur A	wählen geeignete Bauteile sowie Halbzeuge unter technischen und wirtschaftlichen Gesichtspunkten aus
28_technischer-produktdesigner	SKILL	nur A	erstellen technische Dokumentationen , Stücklisten , Auswertungen und Datenaustauschdateien
28_technischer-produktdesigner	SKILL	nur A	Import , die Prüfung und die Bearbeitung technischer Daten
28_technischer-produktdesigner	SKILL	nur A	Durchführung einfacher technischer Berechnungen
28_technischer-produktdesigner	SKILL	nur B	Sie erstellen technische Zeichnungen , Baugruppen - und Anordnungszeichnungen sowie Schaltpläne auf Basis technischer Vorgaben
28_technischer-produktdesigner	SKILL	nur B	Sie setzen Konstruktionsvorgaben normgerecht um und stellen die Einhaltung von Qualitätsstandards sicher
28_technischer-produktdesigner	SKILL	nur B	Sie pflegen Artikelstammdaten , Stücklisten und technische Änderungen im SAP-System
28_technischer-produktdesigner	SKILL	nur B	Sie führen Zeichnungs - und Stücklistenänderungen in CAD - und SAP-Systemen durch und halten die technische Dokumentation aktuell
28_technischer-produktdesigner	SKILL	nur B	Sie entwickeln technische Detaillösungen und wählen geeignete Bauteile sowie Halbzeuge unter technischen und wirtschaftlichen Gesichtspunkten aus
28_technischer-produktdesigner	SKILL	nur B	Sie erstellen technische Dokumentationen , Stücklisten , Auswertungen und Datenaustauschdateien für Kunden , Lieferanten und interne Fachbereiche
28_technischer-produktdesigner	SKILL	nur B	Sie übernehmen den Import , die Prüfung und die Bearbeitung technischer Daten von externen Projektpartnern
28_technischer-produktdesigner	SKILL	nur B	Sie unterstützen Projekte durch die Durchführung einfacher technischer Berechnungen , beispielsweise zu Gewicht , Materialeinsatz oder Volumen
28_technischer-produktdesigner	KNOWLEDGE	nur A	Qualitätsstandards
28_technischer-produktdesigner	KNOWLEDGE	nur A	Normen
28_technischer-produktdesigner	KNOWLEDGE	nur A	Qualitätsstandards
28_technischer-produktdesigner	KNOWLEDGE	nur A	MS-Office-Kenntnisse
28_technischer-produktdesigner	KNOWLEDGE	nur B	technischen Zeichnungen und Stücklisten
28_technischer-produktdesigner	KNOWLEDGE	nur B	relevanter Normen und Qualitätsstandards
29_lagermitarbeiter	SKILL	nur A	Umlagerungen zur Optimierung der Lagerbestände
29_lagermitarbeiter	SKILL	nur A	Verpackung der Fertigwaren
29_lagermitarbeiter	SKILL	nur A	Hohes Maß an Kommunikations - und Teamfähigkeit
29_lagermitarbeiter	SKILL	nur B	führen eigenständig Umlagerungen zur Optimierung der Lagerbestände durch und übernehmen die Verpackung der Fertigwaren
29_lagermitarbeiter	SKILL	nur B	sorgen für einen reibungslosen Logistikablauf
29_lagermitarbeiter	SKILL	nur B	allgemeine Reinigungs - und Ordnungstätigkeiten
29_lagermitarbeiter	SKILL	nur B	Kommunikations - und Teamfähigkeit
30_technischer-projektleiter-elektro	SKILL	nur A	Technische Abwicklung von Kundenverträgen für elektrische und leittechnische Systeme
30_technischer-projektleiter-elektro	SKILL	nur A	Verantwortung für die technische Koordination von Generatoren , Transformatoren sowie Mittel - und Hochspannungsschaltanlagen
30_technischer-projektleiter-elektro	SKILL	nur A	Spezifikation und Auslegung der Elektro - und Leittechnik
30_technischer-projektleiter-elektro	SKILL	nur A	ausgeprägte Kommunikations - , Koordinations - und Schnittstellenkompetenz
30_technischer-projektleiter-elektro	SKILL	nur B	Technische Abwicklung von Kundenverträgen für elektrische und leittechnische Systeme im erweiterten Lieferumfang von Dampfturbinenanlagen
30_technischer-projektleiter-elektro	SKILL	nur B	Verantwortung für die technische Koordination von Generatoren , Transformatoren sowie Mittel - und Hochspannungsschaltanlagen ( MV/HV )
30_technischer-projektleiter-elektro	SKILL	nur B	Spezifikation und Auslegung der Elektro - und Leittechnik auf Grundlage von Vertragsanforderungen , technischen Vorgaben und kundenspezifischen Anforderungen
30_technischer-projektleiter-elektro	SKILL	nur B	Montage - oder Inbetriebnahmetätigkeiten
30_technischer-projektleiter-elektro	SKILL	nur B	Sehr gute bzw . sichere Englischkenntnisse für internationale Projekte und Kundengespräche
30_technischer-projektleiter-elektro	SKILL	nur B	Kommunikations - , Koordinations - und Schnittstellenkompetenz
30_technischer-projektleiter-elektro	KNOWLEDGE	nur A	Montage - oder Inbetriebnahmetätigkeiten
30_technischer-projektleiter-elektro	KNOWLEDGE	nur B	elektrische und leittechnische Systeme
30_technischer-projektleiter-elektro	KNOWLEDGE	nur B	Dampfturbinenanlagen
30_technischer-projektleiter-elektro	KNOWLEDGE	nur B	Generatoren
30_technischer-projektleiter-elektro	KNOWLEDGE	nur B	Transformatoren
30_technischer-projektleiter-elektro	KNOWLEDGE	nur B	MV/HV
30_technischer-projektleiter-elektro	KNOWLEDGE	nur B	elektrischer Energieanlagen
30_technischer-projektleiter-elektro	KNOWLEDGE	nur B	Fremdsprachen
