name,model,decoder,layers,strategy,seed,best_epoch,minutes,test_p_skill,test_r_skill,test_f1_skill,test_f1_unseen_skill
bert_skill,bert-base-
cased,crf,skill,first,3477689,18,48.8,0.5705,0.4638,0.5116,0.5073
bert_skill,bert-base-
cased,crf,skill,first,4213916,12,27.8,0.5678,0.4757,0.5177,0.5137
bert_skill,bert-base-
cased,crf,skill,first,8749520,12,30.5,0.5609,0.4519,0.5005,0.4958
jobbert_skill,jjzha/jobbert-base-
cased,crf,skill,first,3477689,10,29.6,0.5852,0.538,0.5606,0.5582
jobbert_skill,jjzha/jobbert-base-
cased,crf,skill,first,4213916,12,29.4,0.591,0.5298,0.5587,0.5562
jobbert_skill,jjzha/jobbert-base-
cased,crf,skill,first,8749520,7,28.9,0.5476,0.5115,0.5289,0.5254
jobbert_skill_linear,jjzha/jobbert-base-cased,linear,skill,first,4213916,11,28.6,0.4991,0.5344,0.5162,0.5125
jobbert_skill_linear,jjzha/jobbert-base-cased,linear,skill,first,3477689,6,28.3,0.4982,0.505,0.5016,0.4974
jobbert_skill_linear,jjzha/jobbert-base-cased,linear,skill,first,8749520,9,25.8,0.4971,0.5445,0.5197,0.5162
jobbert_knowledge,jjzha/jobbert-base-cased,crf,knowledge,first,3477689,8,28.4,0.6525,0.7053,0.6779,0.6768
jobbert_knowledge,jjzha/jobbert-base-cased,crf,knowledge,first,4213916,3,28.4,0.637,0.7325,0.6815,0.6808
jobbert_knowledge,jjzha/jobbert-base-cased,crf,knowledge,first,8749520,11,28.3,0.6648,0.7061,0.6848,0.6843
